"Username","Password"
,
,
,
,
,
,
,
,
,
,
,
,
,
,
,
,
,
,
,
,
,
,
,
,
,
,
,
,
,
,
,
,
,
,
,
,
,
,
,
,
,
,
,
,
,
,
,
,
,
,
,
,
,
,
,
,
,
,
,
,
,
,
,
,
,
,
,
,
,
,
,
,
,
,
,
,
,
,
,
,
,
,
,
,
,
,
,
,
,
,
,
,
,
,
,
,
,
,
,
,
,
,
,
,
,
,
,
,
,
,
,
,
,
,
,
,
,
,
,
,
,
,
,
,
,
,
,
,
,
,
,
,
,
,
,
,
,
,
,
,
,
,
,
,
,
,
,
,
,
,
,
,
,
,
,
,
,
,
,
,
,
,
,
,
,
,
,
,
,
,
,
,
,
,
,
,
,
,
,
,
,
,
,
,
,
,
,
,
,
,
,
,
,
,
,
,
,
,
,
,
,
,
,
,
,
,
,
,
,
,
,
,
,
,
,
,
,
,
,
,
,
,
,
,
,
,
,
,
,
,
,
,
,
,
,
,
,
,
,
,
,
,
,
,
,
,
,
,
,
,
,
,
,
,
,
,
,
,
,
,
,
,
,
,
,
,
,
,
,
,
,
,
,
,
,
,
,
,
,
,
,
,
,
,
,
,
,
,
,
,
,
,
,
,
,
,
,
,
,
,
,
,
,
,
,
,
,
,
,
,
,
,
,
,
,
,
,
,
,
,
,
,
,
,
,
,
,
,
,
,
,
,
,
,
,
,
,
,
,
,
,
,
,
,
,
,
,
,
,
,
,
,
,
,
,
,
,
,
,
,
,
,
,
,
,
,
,
,
,
,
,
,
,
,
,
,
,
,
,
,
,
,
,
,
,
,
,
,
,
,
,
,
,
,
,
,
,
,
,
,
,
,
,
,
,
,
,
,
,
,
,
,
,
,
,
,
,
,
,
,
,
,
,
,
,
,
,
,
,
,
,
,
,
,
,
,
,
,
,
,
,
,
,
,
,
,
,
,
,
,
,
,
,
,
,
,
,
,
,
,
,
,
,
,
,
,
,
,
,
,
,
,
,
,
,
,
,
,
,
,
,
,
,
,
,
,
,
,
,
,
,
,
,
,
,
,
,
,
,
,
,
,
,
,
,
,
,
,
,
,
,
,
,
,
,
,
,
,
,
,
,
,
,
,
,
,
,
,
,
,
,
,
,
,
,
,
,
,
,
,
,
,
"b","b"
"b","b"
"b","b"
"b","b"
"b","b"
"b","b"
"b","b"
"b","b"
"b","b"
"b","b"
"b","b"
"b","b"
"b","b"
"b","b"
"b","b"
"b","b"
"b","b"
"b","b"
"b","b"
"b","b"
"b","b"
"b","b"
"b","b"
"b","b"
"b","b"
"b","b"
"b","b"
"b","b"
"b","b"
"b","b"
"b","b"
"b","b"
"b","b"
"b","b"
"b","b"
"b","b"
"b","b"
"b","b"
"b","b"
"b","b"
"b","b"
"b","b"
"b","b"
"b","b"
"b","b"
"b","b"
"b","b"
"b","b"
"b","b"
"b","b"
"b","b"
"b","b"
"b","b"
"b","b"
"b","b"
"b","b"
"b","b"
"b","b"
"b","b"
"b","b"
"b","b"
"b","b"
"b","b"
"b","b"
"b","b"
"b","b"
"b","b"
"b","b"
"b","b"
"b","b"
"b","b"
"b","b"
"b","b"
"b","b"
"b","b"
"b","b"
"b","b"
"b","b"
"b","b"
"b","b"
"b","b"
"b","b"
"b","b"
"b","b"
"b","b"
"b","b"
"b","b"
"b","b"
"b","b"
"b","b"
"b","b"
"b","b"
"b","b"
"b","b"
"b","b"
"b","b"
"b","b"
"b","b"
"b","b"
"b","b"
"b","b"
"b","b"
"b","b"
"b","b"
"b","b"
"b","b"
"b","b"
"b","b"
"b","b"
"b","b"
"b","b"
"b","b"
"b","b"
"b","b"
"b","b"
"b","b"
"b","b"
"b","b"
"b","b"
"b","b"
"b","b"
"b","b"
"b","b"
"b","b"
"b","b"
"b","b"
"b","b"
"b","b"
"b","b"
"b","b"
"b","b"
"b","b"
"b","b"
"b","b"
"b","b"
"b","b"
"b","b"
"b","b"
"b","b"
"b","b"
"b","b"
"b","b"
"b","b"
"b","b"
"b","b"
"b","b"
"b","b"
"b","b"
"b","b"
"b","b"
"b","b"
"b","b"
"b","b"
"b","b"
"b","b"
"b","b"
"b","b"
"b","b"
"b","b"
"b","b"
"b","b"
"b","b"
"b","b"
"b","b"
"b","b"
"b","b"
"b","b"
"b","b"
"b","b"
"b","b"
"b","b"
"b","b"
"b","b"
"b","b"
"b","b"
"b","b"
"b","b"
"b","b"
"b","b"
"b","b"
"b","b"
"b","b"
"b","b"
"b","b"
"b","b"
"b","b"
"b","b"
"b","b"
"b","b"
"b","b"
"b","b"
"b","b"
"b","b"
"b","b"
"b","b"
"b","b"
"b","b"
"b","b"
"b","b"
"b","b"
"b","b"
"b","b"
"b","b"
"b","b"
"b","b"
"b","b"
"b","b"
"b","b"
"b","b"
"b","b"
"b","b"
"b","b"
"b","b"
"b","b"
"b","b"
"b","b"
"b","b"
"b","b"
"b","b"
"b","b"
"b","b"
"b","b"
"b","b"
"b","b"
"b","b"
"b","b"
"b","b"
"b","b"
"b","b"
"b","b"
"b","b"
"b","b"
"b","b"
"b","b"
"b","b"
"b","b"
"b","b"
"b","b"
"b","b"
"b","b"
"b","b"
"b","b"
"b","b"
"b","b"
"b","b"
"b","b"
"b","b"
"b","b"
"b","b"
"b","b"
"b","b"
"b","b"
"b","b"
"b","b"
"b","b"
"b","b"
"b","b"
"b","b"
"b","b"
"b","b"
"b","b"
"b","b"
"b","b"
"b","b"
"b","b"
"b","b"
"b","b"
"b","b"
"b","b"
"b","b"
"b","b"
"b","b"
"b","b"
"b","b"
"b","b"
"b","b"
"b","b"
"b","b"
"b","b"
"b","b"
"b","b"
"b","b"
"b","b"
"b","b"
"b","b"
"b","b"
"b","b"
"b","b"
"b","b"
"b","b"
"b","b"
"b","b"
"b","b"
"b","b"
"b","b"
"b","b"
"b","b"
"b","b"
"b","b"
"b","b"
"b","b"
"b","b"
"b","b"
"b","b"
"b","b"
"b","b"
"b","b"
"b","b"
"b","b"
"b","b"
"b","b"
"b","b"
"b","b"
"b","b"
"b","b"
"b","b"
"b","b"
"b","b"
"b","b"
"b","b"
"b","b"
"b","b"
"b","b"
"b","b"
"b","b"
"b","b"
"b","b"
"b","b"
"b","b"
"b","b"
"b","b"
"b","b"
"b","b"
"b","b"
"b","b"
"b","b"
"b","b"
"b","b"
"b","b"
"b","b"
"b","b"
"b","b"
"b","b"
"b","b"
"b","b"
"b","b"
"b","b"
"b","b"
"b","b"
"b","b"
"b","b"
"b","b"
"b","b"
"b","b"
"b","b"
"b","b"
"b","b"
"b","b"
"b","b"
"b","b"
"b","b"
"b","b"
"b","b"
"b","b"
"b","b"
"b","b"
"b","b"
"b","b"
"b","b"
"b","b"
"b","b"
"b","b"
"b","b"
"b","b"
"b","b"
"b","b"
"b","b"
"b","b"
"b","b"
"b","b"
"b","b"
"b","b"
"b","b"
"b","b"
"b","b"
"b","b"
"b","b"
"b","b"
"b","b"
"b","b"
"b","b"
"b","b"
"b","b"
"b","b"
"b","b"
"b","b"
"b","b"
"b","b"
"b","b"
"b","b"
"b","b"
"b","b"
"b","b"
"b","b"
"b","b"
"b","b"
"b","b"
"b","b"
"b","b"
"b","b"
"b","b"
"b","b"
"b","b"
"b","b"
"b","b"
"b","b"
"b","b"
"b","b"
"b","b"
"b","b"
"b","b"
"b","b"
"b","b"
"b","b"
"b","b"
"b","b"
"b","b"
"b","b"
"b","b"
"b","b"
"b","b"
"b","b"
"b","b"
"b","b"
"b","b"
"b","b"
"b","b"
"b","b"
"b","b"
"b","b"
"b","b"
"b","b"
"b","b"
"b","b"
"b","b"
"b","b"
"b","b"
"b","b"
"b","b"
"b","b"
"b","b"
"b","b"
"b","b"
"b","b"
"b","b"
"b","b"
"b","b"
"b","b"
"b","b"
"b","b"
"b","b"
"b","b"
"b","b"
"b","b"
"b","b"
"b","b"
"b","b"
"b","b"
"b","b"
"b","b"
"b","b"
"b","b"
"b","b"
"b","b"
"b","b"
"b","b"
"b","b"
"b","b"
"b","b"
"b","b"
"b","b"
"b","b"
"b","b"
"asd",1
"asd",1
"asd",1
"asd",1
"asd",1
"asd",1
"asd",1
"asd",1
"asd",1
"asd",1
"asd",1
"asd",1
"asd",1
"asd",1
"asd",1
"asd",1
"asd",1
"asd",1
"asd",1
"asd",1
"asd",1
"asd",1
"asd",1
"asd",1
"asd",1
"asd",1
"asd",1
"asd",1
"asd",1
"asd",1
"asd",1
"asd",1
"asd",1
"asd",1
"asd",1
"asd",1
"asd",1
"asd",1
"asd",1
"asd",1
"asd",1
"asd",1
"asd",1
"asd",1
"asd",1
"asd",1
"asd",1
"asd",1
"asd",1
"asd",1
"asd",1
"asd",1
"asd",1
"asd",1
"asd",1
"asd",1
"asd",1
"asd",1
"asd",1
"asd",1
"asd",1
"asd",1
"asd",1
"asd",1
"asd",1
"asd",1
"asd",1
"asd",1
"asd",1
"asd",1
"asd",1
"asd",1
"asd",1
"asd",1
"asd",1
"asd",1
"asd",1
"asd",1
"asd",1
"asd",1
"asd",1
"asd",1
"asd",1
"asd",1
"asd",1
"asd",1
"asd",1
"asd",1
"asd",1
"asd",1
"asd",1
"asd",1
"asd",1
"asd",1
"asd",1
"asd",1
"asd",1
"asd",1
"asd",1
"asd",1
"asd",1
"asd",1
"asd",1
"asd",1
"asd",1
"asd",1
"asd",1
"asd",1
"asd",1
"asd",1
"asd",1
"asd",1
"asd",1
"asd",1
"asd",1
"asd",1
"asd",1
"asd",1
"asd",1
"asd",1
"asd",1
"asd",1
"asd",1
"asd",1
"asd",1
"asd",1
"asd",1
"asd",1
"asd",1
"asd",1
"asd",1
"asd",1
"asd",1
"asd",1
"asd",1
"asd",1
"asd",1
"asd",1
"asd",1
"asd",1
"asd",1
"asd",1
"asd",1
"asd",1
"asd",1
"asd",1
"asd",1
"asd",1
"asd",1
"asd",1
"asd",1
"asd",1
"asd",1
"asd",1
"asd",1
"asd",1
"asd",1
"asd",1
"asd",1
"asd",1
"asd",1
"asd",1
"asd",1
"asd",1
"asd",1
"asd",1
"asd",1
"asd",1
"asd",1
"asd",1
"asd",1
"asd",1
"asd",1
"asd",1
"asd",1
"asd",1
"asd",1
"asd",1
"asd",1
"asd",1
"asd",1
"asd",1
"asd",1
"asd",1
"asd",1
"asd",1
"asd",1
"asd",1
"asd",1
"asd",1
"asd",1
"asd",1
"asd",1
"asd",1
"asd",1
"asd",1
"asd",1
"asd",1
"asd",1
"asd",1
"asd",1
"asd",1
"asd",1
"asd",1
"asd",1
"asd",1
"asd",1
"asd",1
"asd",1
"asd",1
"asd",1
"asd",1
"asd",1
"asd",1
"asd",1
"asd",1
"asd",1
"asd",1
"asd",1
"asd",1
"asd",1
"asd",1
"asd",1
"asd",1
"asd",1
"asd",1
"asd",1
"asd",1
"asd",1
"asd",1
"asd",1
"asd",1
"asd",1
"asd",1
"asd",1
"asd",1
"asd",1
"asd",1
"asd",1
"asd",1
"asd",1
"asd",1
"asd",1
"asd",1
"asd",1
"asd",1
"asd",1
"asd",1
"asd",1
"asd",1
"asd",1
"asd",1
"asd",1
"asd",1
"asd",1
"asd",1
"asd",1
"asd",1
"asd",1
"asd",1
"asd",1
"asd",1
"asd",1
"asd",1
"asd",1
"asd",1
"asd",1
"asd",1
"asd",1
"asd",1
"asd",1
"asd",1
"asd",1
"asd",1
"asd",1
"asd",1
"asd",1
"asd",1
"asd",1
"asd",1
"asd",1
"asd",1
"asd",1
"asd",1
"asd",1
"asd",1
"asd",1
"asd",1
"asd",1
"asd",1
"asd",1
"asd",1
"asd",1
"asd",1
"asd",1
"asd",1
"asd",1
"asd",1
"asd",1
"asd",1
"asd",1
"asd",1
"asd",1
"asd",1
"asd",1
"asd",1
"asd",1
"asd",1
"asd",1
"asd",1
"asd",1
"asd",1
"asd",1
"asd",1
"asd",1
"asd",1
"sasw","x"
"sasw","x"
"sasw","x"
"sasw","x"
"sasw","x"
"sasw","x"
"sasw","x"
"sasw","x"
"sasw","x"
"sasw","x"
"sasw","x"
"sasw","x"
"sasw","x"
"sasw","x"
"sasw","x"
"sasw","x"
"sasw","x"
"sasw","x"
"sasw","x"
"sasw","x"
"sasw","x"
"sasw","x"
"sasw","x"
"sasw","x"
"sasw","x"
"sasw","x"
"sasw","x"
"sasw","x"
"sasw","x"
"sasw","x"
"sasw","x"
"sasw","x"
"sasw","x"
"sasw","x"
"sasw","x"
"sasw","x"
"sasw","x"
"sasw","x"
"sasw","x"
"sasw","x"
"sasw","x"
"sasw","x"
"sasw","x"
"sasw","x"
"sasw","x"
"sasw","x"
"sasw","x"
"sasw","x"
"sasw","x"
"sasw","x"
"sasw","x"
"sasw","x"
"sasw","x"
"sasw","x"
"sasw","x"
"sasw","x"
"sasw","x"
"sasw","x"
"sasw","x"
"sasw","x"
"sasw","x"
"sasw","x"
"sasw","x"
"sasw","x"
"sasw","x"
"sasw","x"
"sasw","x"
"sasw","x"
"sasw","x"
"sasw","x"
"sasw","x"
"sasw","x"
"sasw","x"
"sasw","x"
"sasw","x"
"sasw","x"
"sasw","x"
"sasw","x"
"sasw","x"
"sasw","x"
"sasw","x"
"sasw","x"
"sasw","x"
"sasw","x"
"sasw","x"
"sasw","x"
"sasw","x"
"sasw","x"
"sasw","x"
"sasw","x"
"sasw","x"
"sasw","x"
"sasw","x"
"sasw","x"
"sasw","x"
"sasw","x"
"sasw","x"
"sasw","x"
"sasw","x"
"sasw","x"
"sasw","x"
"sasw","x"
"sasw","x"
"sasw","x"
"sasw","x"
"sasw","x"
"sasw","x"
"sasw","x"
"sasw","x"
"sasw","x"
"sasw","x"
"sasw","x"
"sasw","x"
"sasw","x"
"sasw","x"
"sasw","x"
"sasw","x"
"sasw","x"
"sasw","x"
"sasw","x"
"sasw","x"
"sasw","x"
"sasw","x"
"sasw","x"
"sasw","x"
"sasw","x"
"sasw","x"
"sasw","x"
"sasw","x"
"sasw","x"
"sasw","x"
"sasw","x"
"sasw","x"
"sasw","x"
"sasw","x"
"sasw","x"
"sasw","x"
"sasw","x"
"sasw","x"
"sasw","x"
"sasw","x"
"sasw","x"
"sasw","x"
"sasw","x"
"sasw","x"
"sasw","x"
"sasw","x"
"sasw","x"
"sasw","x"
"sasw","x"
"sasw","x"
"sasw","x"
"sasw","x"
"sasw","x"
"sasw","x"
"sasw","x"
"sasw","x"
"sasw","x"
"sasw","x"
"sasw","x"
"sasw","x"
"sasw","x"
"sasw","x"
"sasw","x"
"sasw","x"
"sasw","x"
"sasw","x"
"sasw","x"
"sasw","x"
"sasw","x"
"sasw","x"
"sasw","x"
"sasw","x"
"sasw","x"
"sasw","x"
"sasw","x"
"sasw","x"
"sasw","x"
"sasw","x"
"sasw","x"
"sasw","x"
"sasw","x"
"sasw","x"
"sasw","x"
"sasw","x"
"sasw","x"
"sasw","x"
"sasw","x"
"sasw","x"
"sasw","x"
"sasw","x"
"sasw","x"
"sasw","x"
"sasw","x"
"sasw","x"
"sasw","x"
"sasw","x"
"sasw","x"
"sasw","x"
"sasw","x"
"sasw","x"
"sasw","x"
"sasw","x"
"sasw","x"
"sasw","x"
"sasw","x"
"sasw","x"
"sasw","x"
"sasw","x"
"sasw","x"
"sasw","x"
"sasw","x"
"sasw","x"
"sasw","x"
"sasw","x"
"sasw","x"
"sasw","x"
"sasw","x"
"sasw","x"
"sasw","x"
"sasw","x"
"sasw","x"
"sasw","x"
"sasw","x"
"sasw","x"
"sasw","x"
"sasw","x"
"sasw","x"
"sasw","x"
"sasw","x"
"sasw","x"
"sasw","x"
"sasw","x"
"sasw","x"
"sasw","x"
"sasw","x"
"sasw","x"
"sasw","x"
"sasw","x"
"sasw","x"
"sasw","x"
"sasw","x"
"sasw","x"
"sasw","x"
"sasw","x"
"sasw","x"
"sasw","x"
"sasw","x"
"sasw","x"
"sasw","x"
"sasw","x"
"sasw","x"
"sasw","x"
"sasw","x"
"sasw","x"
"sasw","x"
"sasw","x"
"sasw","x"
"sasw","x"
"sasw","x"
"sasw","x"
"sasw","x"
"sasw","x"
"sasw","x"
"sasw","x"
"sasw","x"
"sasw","x"
"sasw","x"
"sasw","x"
"sasw","x"
"sasw","x"
"sasw","x"
"sasw","x"
"sasw","x"
"sasw","x"
"sasw","x"
"sasw","x"
"sasw","x"
"sasw","x"
"sasw","x"
"sasw","x"
"sasw","x"
"sasw","x"
"sasw","x"
"sasw","x"
"sasw","x"
"sasw","x"
"sasw","x"
"sasw","x"
"sasw","x"
"sasw","x"
"sasw","x"
"sasw","x"
"sasw","x"
"sasw","x"
"sasw","x"
"sasw","x"
"sasw","x"
"sasw","x"
"sasw","x"
"sasw","x"
"sasw","x"
"sasw","x"
"sasw","x"
"sasw","x"
"sasw","x"
"sasw","x"
"sasw","x"
"sasw","x"
"sasw","x"
"sasw","x"
"sasw","x"
"sasw","x"
"sasw","x"
"sasw","x"
"sasw","x"
"sasw","x"
"sasw","x"
"sasw","x"
"sasw","x"
"sasw","x"
"sasw","x"
"sasw","x"
"sasw","x"
"sasw","x"
"sasw","x"
"sasw","x"
"sasw","x"
"sasw","x"
"sasw","x"
"sasw","x"
"sasw","x"
"sasw","x"
"sasw","x"
"sasw","x"
"sasw","x"
"sasw","x"
"sasw","x"
"sasw","x"
"sasw","x"
"sasw","x"
"sasw","x"
"sasw","x"
"sasw","x"
"sasw","x"
"sasw","x"
"sasw","x"
"sasw","x"
"sasw","x"
"sasw","x"
"sasw","x"
"sasw","x"
"sasw","x"
"sasw","x"
"sasw","x"
"sasw","x"
"sasw","x"
"sasw","x"
"sasw","x"
"sasw","x"
"sasw","x"
"sasw","x"
"sasw","x"
"sasw","x"
"sasw","x"
"sasw","x"
"sasw","x"
"sasw","x"
"sasw","x"
"sasw","x"
"sasw","x"
"sasw","x"
"sasw","x"
"sasw","x"
"sasw","x"
"sasw","x"
"sasw","x"
"sasw","x"
"sasw","x"
"sasw","x"
"sasw","x"
"sasw","x"
"sasw","x"
"sasw","x"
"sasw","x"
"sasw","x"
"sasw","x"
"sasw","x"
"sasw","x"
"sasw","x"
"sasw","x"
"sasw","x"
"sasw","x"
"sasw","x"
"sasw","x"
"sasw","x"
"sasw","x"
"sasw","x"
"sasw","x"
"sasw","x"
"sasw","x"
"sasw","x"
"sasw","x"
"sasw","x"
"sasw","x"
"sasw","x"
"sasw","x"
"sasw","x"
"sasw","x"
"sasw","x"
"sasw","x"
"sasw","x"
"sasw","x"
"sasw","x"
"sasw","x"
"sasw","x"
"sasw","x"
"sasw","x"
"sasw","x"
"sasw","x"
"sasw","x"
"sasw","x"
"sasw","x"
"sasw","x"
"sasw","x"
"sasw","x"
"sasw","x"
"sasw","x"
"sasw","x"
"sasw","x"
"sasw","x"
"sasw","x"
"sasw","x"
"sasw","x"
"sasw","x"
"sasw","x"
"sasw","x"
"sasw","x"
"sasw","x"
"sasw","x"
"sasw","x"
"sasw","x"
"sasw","x"
"sasw","x"
"sasw","x"
"sasw","x"
"sasw","x"
"sasw","x"
"sasw","x"
"sasw","x"
"sasw","x"
"sasw","x"
"sasw","x"
"sasw","x"
"sasw","x"
"sasw","x"
"sasw","x"
"sasw","x"
"sasw","x"
"sasw","x"
"sasw","x"
"sasw","x"
"sasw","x"
"sasw","x"
"sasw","x"
"sasw","x"
"sasw","x"
"sasw","x"
"sasw","x"
"sasw","x"
"sasw","x"
"sasw","x"
"sasw","x"
"sasw","x"
"sasw","x"
"sasw","x"
"sasw","x"
"sasw","x"
"sasw","x"
"sasw","x"
"sasw","x"
"sasw","x"
"sasw","x"
"sasw","x"
"sasw","x"
"sasw","x"
"sasw","x"
"sasw","x"
"sasw","x"
"sasw","x"
"sasw","x"
"sasw","x"
"sasw","x"
"sasw","x"
"sasw","x"
"sasw","x"
"sasw","x"
"sasw","x"
"sasw","x"
"sasw","x"
"sasw","x"
"sasw","x"
"sasw","x"
"sasw","x"
"sasw","x"
"sasw","x"
"sasw","x"
"sasw","x"
"sasw","x"
"sasw","x"
"sasw","x"
"sasw","x"
"sasw","x"
"sasw","x"
"sasw","x"
"sasw","x"
"sasw","x"
"sasw","x"
"sasw","x"
"sasw","x"
"sasw","x"
"sasw","x"
"sasw","x"
"sasw","x"
"sasw","x"
"sasw","x"
"sasw","x"
"sasw","x"
"sasw","x"
"sasw","x"
"sasw","x"
"sasw","x"
"sasw","x"
"sasw","x"
"sasw","x"
"sasw","x"
"sasw","x"
"sasw","x"
"sasw","x"
"sasw","x"
"sasw","x"
"sasw","x"
"sasw","x"
"sasw","x"
"sasw","x"
"sasw","x"
"sasw","x"
"sasw","x"
"sasw","x"
"sasw","x"
"sasw","x"
"sasw","x"
"sasw","x"
"sasw","x"
"sasw","x"
"sasw","x"
"sasw","x"
"sasw","x"
"sasw","x"
"sasw","x"
"sasw","x"
"sasw","x"
"sasw","x"
"sasw","x"
"sasw","x"
"sasw","x"
"sasw","x"
"sasw","x"
"sasw","x"
"sasw","x"
"sasw","x"
"sasw","x"
"sasw","x"
"sasw","x"
"sasw","x"
"sasw","x"
"sasw","x"
"sasw","x"
"sasw","x"
"sasw","x"
"sasw","x"
"sasw","x"
"sasw","x"
"sasw","x"
"sasw","x"
"sasw","x"
"sasw","x"
"sasw","x"
"sasw","x"
"sasw","x"
"sasw","x"
"sasw","x"
"sasw","x"
"sasw","x"
"sasw","x"
"sasw","x"
"sasw","x"
"sasw","x"
"sasw","x"
"sasw","x"
"sasw","x"
"sasw","x"
"sasw","x"
"sasw","x"
"sasw","x"
"sasw","x"
"sasw","x"
"sasw","x"
"sasw","x"
"sasw","x"
"sasw","x"
"sasw","x"
"sasw","x"
"sasw","x"
"sasw","x"
"sasw","x"
"sasw","x"
"sasw","x"
"sasw","x"
"sasw","x"
"sasw","x"
"sasw","x"
"sasw","x"
"sasw","x"
"sasw","x"
"sasw","x"
"sasw","x"
"sasw","x"
"sasw","x"
"sasw","x"
"sasw","x"
"sasw","x"
"sasw","x"
"sasw","x"
"sasw","x"
"sasw","x"
"sasw","x"
"sasw","x"
"sasw","x"
"sasw","x"
"sasw","x"
"sasw","x"
"sasw","x"
"sasw","x"
"sasw","x"
"sasw","x"
"sasw","x"
"sasw","x"
"sasw","x"
"sasw","x"
"sasw","x"
"sasw","x"
"sasw","x"
"sasw","x"
"sasw","x"
"sasw","x"
"sasw","x"
"sasw","x"
"sasw","x"
"sasw","x"
"sasw","x"
"sasw","x"
"sasw","x"
"sasw","x"
"sasw","x"
"sasw","x"
"sasw","x"
"sasw","x"
"sasw","x"
"sasw","x"
"sasw","x"
"sasw","x"
"sasw","x"
"sasw","x"
"sasw","x"
"sasw","x"
"sasw","x"
"sasw","x"
"sasw","x"
"sasw","x"
"sasw","x"
"sasw","x"
"sasw","x"
"sasw","x"
"sasw","x"
"sasw","x"
"sasw","x"
"sasw","x"
"sasw","x"
"sasw","x"
"sasw","x"
"sasw","x"
"sasw","x"
"sasw","x"
"sasw","x"
"sasw","x"
"sasw","x"
"sasw","x"
"sasw","x"
"sasw","x"
"sasw","x"
"sasw","x"
"sasw","x"
"sasw","x"
"sasw","x"
"sasw","x"
"sasw","x"
"sasw","x"
"sasw","x"
"sasw","x"
"sasw","x"
"sasw","x"
"sasw","x"
"sasw","x"
"sasw","x"
"sasw","x"
"sasw","x"
"sasw","x"
"sasw","x"
"sasw","x"
"sasw","x"
"sasw","x"
"sasw","x"
"sasw","x"
"sasw","x"
"sasw","x"
"sasw","x"
"sasw","x"
"sasw","x"
"sasw","x"
"sasw","x"
"sasw","x"
"sasw","x"
"sasw","x"
"sasw","x"
"sasw","x"
"sasw","x"
"sasw","x"
"sasw","x"
"sasw","x"
"sasw","x"
"sasw","x"
"sasw","x"
"sasw","x"
"sasw","x"
"sasw","x"
"sasw","x"
"sasw","x"
"sasw","x"
"sasw","x"
"sasw","x"
"sasw","x"
"sasw","x"
"sasw","x"
"sasw","x"
"sasw","x"
"sasw","x"
"sasw","x"
"sasw","x"
"sasw","x"
"sasw","x"
"sasw","x"
"sasw","x"
"sasw","x"
"sasw","x"
"sasw","x"
"sasw","x"
"sasw","x"
"sasw","x"
"sasw","x"
"sasw","x"
"sasw","x"
"sasw","x"
"sasw","x"
"sasw","x"
"sasw","x"
"sasw","x"
"sasw","x"
"sasw","x"
"sasw","x"
"sasw","x"
"sasw","x"
"sasw","x"
"sasw","x"
"sasw","x"
"sasw","x"
"sasw","x"
"sasw","x"
"sasw","x"
"sasw","x"
"sasw","x"
"sasw","x"
"sasw","x"
"sasw","x"
"sasw","x"
"sasw","x"
"sasw","x"
"sasw","x"
"sasw","x"
"sasw","x"
"sasw","x"
"sasw","x"
"sasw","x"
"sasw","x"
"sasw","x"
"sasw","x"
"sasw","x"
"sasw","x"
"sasw","x"
"sasw","x"
"sasw","x"
"sasw","x"
"sasw","x"
"sasw","x"
"sasw","x"
"sasw","x"
"sasw","x"
"sasw","x"
"sasw","x"
"sasw","x"
"sasw","x"
"sasw","x"
"sasw","x"
"sasw","x"
"sasw","x"
"sasw","x"
"sasw","x"
"sasw","x"
"sasw","x"
"sasw","x"
"sasw","x"
"sasw","x"
"sasw","x"
"sasw","x"
"sasw","x"
"sasw","x"
"sasw","x"
"sasw","x"
"sasw","x"
"sasw","x"
"sasw","x"
"sasw","x"
"sasw","x"
"sasw","x"
"sasw","x"
"sasw","x"
"sasw","x"
"sasw","x"
"sasw","x"
"sasw","x"
"sasw","x"
"sasw","x"
"sasw","x"
"sasw","x"
"sasw","x"
"sasw","x"
"sasw","x"
"sasw","x"
"sasw","x"
"sasw","x"
"sasw","x"
"sasw","x"
"sasw","x"
"sasw","x"
"sasw","x"
"sasw","x"
"sasw","x"
"sasw","x"
"sasw","x"
"sasw","x"
"sasw","x"
"sasw","x"
"sasw","x"
"sasw","x"
"sasw","x"
"sasw","x"
"sasw","x"
"sasw","x"
"sasw","x"
"sasw","x"
"sasw","x"
"sasw","x"
"sasw","x"
"sasw","x"
"sasw","x"
"sasw","x"
"sasw","x"
"sasw","x"
"sasw","x"
"sasw","x"
"sasw","x"
"sasw","x"
"sasw","x"
"sasw","x"
"sasw","x"
"sasw","x"
"sasw","x"
"sasw","x"
"sasw","x"
"sasw","x"
"sasw","x"
"sasw","x"
"sasw","x"
"sasw","x"
"sasw","x"
"sasw","x"
"sasw","x"
"sasw","x"
"sasw","x"
"sasw","x"
"sasw","x"
"sasw","x"
"sasw","x"
"sasw","x"
"sasw","x"
"sasw","x"
"sasw","x"
"sasw","x"
"sasw","x"
"sasw","x"
"sasw","x"
"sasw","x"
"sasw","x"
"sasw","x"
"sasw","x"
"sasw","x"
"sasw","x"
"sasw","x"
"sasw","x"
"sasw","x"
"sasw","x"
"sasw","x"
"sasw","x"
"sasw","x"
"sasw","x"
"sasw","x"
"sasw","x"
"sasw","x"
"sasw","x"
"sasw","x"
"sasw","x"
"sasw","x"
"sasw","x"
"sasw","x"
"sasw","x"
"sasw","x"
"sasw","x"
"sasw","x"
"sasw","x"
"sasw","x"
"sasw","x"
"sasw","x"
"sasw","x"
"sasw","x"
"sasw","x"
"sasw","x"
"sasw","x"
"sasw","x"
"sasw","x"
"sasw","x"
"sasw","x"
"sasw","x"
"sasw","x"
"sasw","x"
"sasw","x"
"sasw","x"
"sasw","x"
"sasw","x"
"sasw","x"
"sasw","x"
"sasw","x"
"sasw","x"
"sasw","x"
"sasw","x"
"sasw","x"
"sasw","x"
"sasw","x"
"sasw","x"
"sasw","x"
"sasw","x"
"sasw","x"
"sasw","x"
"sasw","x"
"sasw","x"
"sasw","x"
"sasw","x"
"sasw","x"
"sasw","x"
"sasw","x"
"sasw","x"
"sasw","x"
"sasw","x"
"sasw","x"
"sasw","x"
"sasw","x"
"sasw","x"
"sasw","x"
"sasw","x"
"sasw","x"
"sasw","x"
"sasw","x"
"sasw","x"
"sasw","x"
"sasw","x"
"sasw","x"
"sasw","x"
"sasw","x"
"sasw","x"
"sasw","x"
"sasw","x"
"sasw","x"
"sasw","x"
"sasw","x"
"sasw","x"
"sasw","x"
"sasw","x"
"sasw","x"
"sasw","x"
"sasw","x"
"sasw","x"
"sasw","x"
"sasw","x"
"sasw","x"
"sasw","x"
"sasw","x"
"sasw","x"
"sasw","x"
"sasw","x"
"sasw","x"
"sasw","x"
"sasw","x"
"sasw","x"
"sasw","x"
"sasw","x"
"sasw","x"
"sasw","x"
"sasw","x"
"sasw","x"
"sasw","x"
"sasw","x"
"sasw","x"
"sasw","x"
"sasw","x"
"sasw","x"
"sasw","x"
"sasw","x"
"sasw","x"
"sasw","x"
"sasw","x"
"sasw","x"
"sasw","x"
"sasw","x"
"sasw","x"
"sasw","x"
"sasw","x"
"sasw","x"
"sasw","x"
"sasw","x"
"sasw","x"
"sasw","x"
"sasw","x"
"sasw","x"
"sasw","x"
"sasw","x"
"sasw","x"
"sasw","x"
"sasw","x"
"sasw","x"
"sasw","x"
"sasw","x"
"sasw","x"
"sasw","x"
"sasw","x"
"sasw","x"
"sasw","x"
"sasw","x"
"sasw","x"
"sasw","x"
"sasw","x"
"sasw","x"
"sasw","x"
"sasw","x"
"sasw","x"
"sasw","x"
"sasw","x"
"sasw","x"
"sasw","x"
"sasw","x"
"sasw","x"
"sasw","x"
"sasw","x"
"sasw","x"
"sasw","x"
"sasw","x"
"sasw","x"
"sasw","x"
"sasw","x"
"sasw","x"
"sasw","x"
"sasw","x"
"sasw","x"
"sasw","x"
"sasw","x"
"sasw","x"
"sasw","x"
"sasw","x"
"sasw","x"
"sasw","x"
"sasw","x"
"sasw","x"
"sasw","x"
"sasw","x"
"sasw","x"
"sasw","x"
"sasw","x"
"sasw","x"
"sasw","x"
"sasw","x"
"sasw","x"
"sasw","x"
"sasw","x"
"sasw","x"
"sasw","x"
"sasw","x"
"sasw","x"
"sasw","x"
"sasw","x"
"sasw","x"
"sasw","x"
"sasw","x"
"sasw","x"
"sasw","x"
"sasw","x"
"sasw","x"
"sasw","x"
"sasw","x"
"sasw","x"
"sasw","x"
"sasw","x"
"sasw","x"
"sasw","x"
"sasw","x"
"sasw","x"
"sasw","x"
"sasw","x"
"sasw","x"
"sasw","x"
"sasw","x"
"sasw","x"
"sasw","x"
"sasw","x"
"sasw","x"
"sasw","x"
"sasw","x"
"sasw","x"
"sasw","x"
"sasw","x"
"sasw","x"
"sasw","x"
"sasw","x"
"sasw","x"
"sasw","x"
"sasw","x"
"sasw","x"
"sasw","x"
"sasw","x"
"sasw","x"
"sasw","x"
"sasw","x"
"sasw","x"
"sasw","x"
"sasw","x"
"sasw","x"
"sasw","x"
"sasw","x"
"sasw","x"
"sasw","x"
"sasw","x"
"sasw","x"
"sasw","x"
"sasw","x"
"sasw","x"
"sasw","x"
"sasw","x"
"sasw","x"
"sasw","x"
"sasw","x"
"sasw","x"
"sasw","x"
"sasw","x"
"sasw","x"
"sasw","x"
"sasw","x"
"sasw","x"
"sasw","x"
"sasw","x"
"sasw","x"
"sasw","x"
"sasw","x"
"sasw","x"
"sasw","x"
"sasw","x"
"sasw","x"
"sasw","x"
"sasw","x"
"sasw","x"
"sasw","x"
"sasw","x"
"sasw","x"
"sasw","x"
"sasw","x"
"sasw","x"
"sasw","x"
"sasw","x"
"sasw","x"
"sasw","x"
"sasw","x"
"sasw","x"
"sasw","x"
"sasw","x"
"sasw","x"
"sasw","x"
"sasw","x"
"sasw","x"
"sasw","x"
"sasw","x"
"sasw","x"
"sasw","x"
"xws2qed",1
"xws2qed",1
"xws2qed",1
"xws2qed",1
"xws2qed",1
"xws2qed",1
"xws2qed",1
"xws2qed",1
"xws2qed",1
"xws2qed",1
"xws2qed",1
"xws2qed",1
"xws2qed",1
"xws2qed",1
"xws2qed",1
"xws2qed",1
"xws2qed",1
"xws2qed",1
"xws2qed",1
"xws2qed",1
"xws2qed",1
"xws2qed",1
"xws2qed",1
"xws2qed",1
"xws2qed",1
"xws2qed",1
"xws2qed",1
"xws2qed",1
"xws2qed",1
"xws2qed",1
"xws2qed",1
"xws2qed",1
"xws2qed",1
"xws2qed",1
"xws2qed",1
"xws2qed",1
"xws2qed",1
"xws2qed",1
"xws2qed",1
"xws2qed",1
"xws2qed",1
"xws2qed",1
"xws2qed",1
"xws2qed",1
"xws2qed",1
"xws2qed",1
"xws2qed",1
"xws2qed",1
"xws2qed",1
"xws2qed",1
"xws2qed",1
"xws2qed",1
"xws2qed",1
"xws2qed",1
"xws2qed",1
"xws2qed",1
"xws2qed",1
"xws2qed",1
"xws2qed",1
"xws2qed",1
"xws2qed",1
"xws2qed",1
"xws2qed",1
"xws2qed",1
"xws2qed",1
"xws2qed",1
"xws2qed",1
"xws2qed",1
"xws2qed",1
"xws2qed",1
"xws2qed",1
"xws2qed",1
"xws2qed",1
"xws2qed",1
"xws2qed",1
"xws2qed",1
"xws2qed",1
"xws2qed",1
"xws2qed",1
"xws2qed",1
"xws2qed",1
"xws2qed",1
"xws2qed",1
"xws2qed",1
"xws2qed",1
"xws2qed",1
"xws2qed",1
"xws2qed",1
"xws2qed",1
"xws2qed",1
"xws2qed",1
"xws2qed",1
"xws2qed",1
"xws2qed",1
"xws2qed",1
"xws2qed",1
"xws2qed",1
"xws2qed",1
"xws2qed",1
"xws2qed",1
"xws2qed",1
"xws2qed",1
"xws2qed",1
"xws2qed",1
"xws2qed",1
"xws2qed",1
"xws2qed",1
"xws2qed",1
"xws2qed",1
"xws2qed",1
"xws2qed",1
"xws2qed",1
"xws2qed",1
"xws2qed",1
"xws2qed",1
"xws2qed",1
"xws2qed",1
"xws2qed",1
"xws2qed",1
"xws2qed",1
"xws2qed",1
"xws2qed",1
"xws2qed",1
"xws2qed",1
"xws2qed",1
"xws2qed",1
"xws2qed",1
"xws2qed",1
"xws2qed",1
"xws2qed",1
"xws2qed",1
"xws2qed",1
"xws2qed",1
"xws2qed",1
"xws2qed",1
"xws2qed",1
"xws2qed",1
"xws2qed",1
"xws2qed",1
"xws2qed",1
"xws2qed",1
"xws2qed",1
"xws2qed",1
"xws2qed",1
"xws2qed",1
"xws2qed",1
"xws2qed",1
"xws2qed",1
"xws2qed",1
"xws2qed",1
"xws2qed",1
"xws2qed",1
"xws2qed",1
"xws2qed",1
"xws2qed",1
"xws2qed",1
"xws2qed",1
"xws2qed",1
"xws2qed",1
"xws2qed",1
"xws2qed",1
"xws2qed",1
"xws2qed",1
"xws2qed",1
"xws2qed",1
"xws2qed",1
"xws2qed",1
"xws2qed",1
"xws2qed",1
"xws2qed",1
"xws2qed",1
"xws2qed",1
"xws2qed",1
"xws2qed",1
"xws2qed",1
"xws2qed",1
"xws2qed",1
"xws2qed",1
"xws2qed",1
"xws2qed",1
"xws2qed",1
"xws2qed",1
"xws2qed",1
"xws2qed",1
"xws2qed",1
"xws2qed",1
"xws2qed",1
"xws2qed",1
"xws2qed",1
"xws2qed",1
"xws2qed",1
"xws2qed",1
"xws2qed",1
"xws2qed",1
"xws2qed",1
"xws2qed",1
"xws2qed",1
"xws2qed",1
"xws2qed",1
"xws2qed",1
"xws2qed",1
"xws2qed",1
"xws2qed",1
"xws2qed",1
"xws2qed",1
"xws2qed",1
"xws2qed",1
"xws2qed",1
"xws2qed",1
"xws2qed",1
"xws2qed",1
"xws2qed",1
"xws2qed",1
"xws2qed",1
"xws2qed",1
"xws2qed",1
"xws2qed",1
"xws2qed",1
"xws2qed",1
"xws2qed",1
"xws2qed",1
"xws2qed",1
"xws2qed",1
"xws2qed",1
"xws2qed",1
"xws2qed",1
"xws2qed",1
"xws2qed",1
"xws2qed",1
"xws2qed",1
"xws2qed",1
"xws2qed",1
"xws2qed",1
"xws2qed",1
"xws2qed",1
"xws2qed",1
"xws2qed",1
"xws2qed",1
"xws2qed",1
"xws2qed",1
"xws2qed",1
"xws2qed",1
"xws2qed",1
"xws2qed",1
"xws2qed",1
"xws2qed",1
"xws2qed",1
"xws2qed",1
"xws2qed",1
"xws2qed",1
"xws2qed",1
"xws2qed",1
"xws2qed",1
"xws2qed",1
"xws2qed",1
"xws2qed",1
"xws2qed",1
"xws2qed",1
"xws2qed",1
"xws2qed",1
"xws2qed",1
"xws2qed",1
"xws2qed",1
"xws2qed",1
"xws2qed",1
"xws2qed",1
"xws2qed",1
"xws2qed",1
"xws2qed",1
"xws2qed",1
"xws2qed",1
"xws2qed",1
"xws2qed",1
"xws2qed",1
"xws2qed",1
"xws2qed",1
"xws2qed",1
"xws2qed",1
"xws2qed",1
"xws2qed",1
"xws2qed",1
"xws2qed",1
"xws2qed",1
"xws2qed",1
"xws2qed",1
"xws2qed",1
"xws2qed",1
"xws2qed",1
"xws2qed",1
"xws2qed",1
"xws2qed",1
"xws2qed",1
"xws2qed",1
"xws2qed",1
"xws2qed",1
"xws2qed",1
"xws2qed",1
"xws2qed",1
"xws2qed",1
"xws2qed",1
"xws2qed",1
"xws2qed",1
"xws2qed",1
"xws2qed",1
"xws2qed",1
"xws2qed",1
"xws2qed",1
"xws2qed",1
"xws2qed",1
"xws2qed",1
"xws2qed",1
"xws2qed",1
"xws2qed",1
"xws2qed",1
"xws2qed",1
"xws2qed",1
"xws2qed",1
"xws2qed",1
"xws2qed",1
"xws2qed",1
"xws2qed",1
"xws2qed",1
"xws2qed",1
"xws2qed",1
"xws2qed",1
"xws2qed",1
"xws2qed",1
"xws2qed",1
"xws2qed",1
"xws2qed",1
"xws2qed",1
"xws2qed",1
"xws2qed",1
"xws2qed",1
"xws2qed",1
"xws2qed",1
"xws2qed",1
"xws2qed",1
"xws2qed",1
"xws2qed",1
"xws2qed",1
"xws2qed",1
"xws2qed",1
"xws2qed",1
"xws2qed",1
"xws2qed",1
"xws2qed",1
"xws2qed",1
"xws2qed",1
"xws2qed",1
"xws2qed",1
"xws2qed",1
"xws2qed",1
"xws2qed",1
"xws2qed",1
"xws2qed",1
"xws2qed",1
"xws2qed",1
"xws2qed",1
"xws2qed",1
"xws2qed",1
"xws2qed",1
"xws2qed",1
"xws2qed",1
"xws2qed",1
"xws2qed",1
"xws2qed",1
"xws2qed",1
"xws2qed",1
"xws2qed",1
"xws2qed",1
"xws2qed",1
"xws2qed",1
"xws2qed",1
"xws2qed",1
"xws2qed",1
"xws2qed",1
"xws2qed",1
"xws2qed",1
"xws2qed",1
"xws2qed",1
"xws2qed",1
"xws2qed",1
"xws2qed",1
"xws2qed",1
"xws2qed",1
"xws2qed",1
"xws2qed",1
"xws2qed",1
"xws2qed",1
"xws2qed",1
"xws2qed",1
"xws2qed",1
"xws2qed",1
"xws2qed",1
"xws2qed",1
"xws2qed",1
"xws2qed",1
"xws2qed",1
"xws2qed",1
"xws2qed",1
"xws2qed",1
"xws2qed",1
"xws2qed",1
"xws2qed",1
"xws2qed",1
"xws2qed",1
"xws2qed",1
"xws2qed",1
"xws2qed",1
"xws2qed",1
"xws2qed",1
"xws2qed",1
"xws2qed",1
"xws2qed",1
"xws2qed",1
"xws2qed",1
"xws2qed",1
"xws2qed",1
"xws2qed",1
"xws2qed",1
"xws2qed",1
"xws2qed",1
"xws2qed",1
"xws2qed",1
"xws2qed",1
"xws2qed",1
"xws2qed",1
"xws2qed",1
"xws2qed",1
"xws2qed",1
"xws2qed",1
"xws2qed",1
"xws2qed",1
"xws2qed",1
"xws2qed",1
"xws2qed",1
"xws2qed",1
"xws2qed",1
"xws2qed",1
"xws2qed",1
"xws2qed",1
"xws2qed",1
"xws2qed",1
"xws2qed",1
"xws2qed",1
"xws2qed",1
"xws2qed",1
"xws2qed",1
"xws2qed",1
"xws2qed",1
"xws2qed",1
"xws2qed",1
"xws2qed",1
"xws2qed",1
"xws2qed",1
"xws2qed",1
"xws2qed",1
"xws2qed",1
"xws2qed",1
"xws2qed",1
"xws2qed",1
"xws2qed",1
"xws2qed",1
"xws2qed",1
"xws2qed",1
"xws2qed",1
"xws2qed",1
"xws2qed",1
"xws2qed",1
"xws2qed",1
"xws2qed",1
"xws2qed",1
"xws2qed",1
"xws2qed",1
"xws2qed",1
"xws2qed",1
"xws2qed",1
"xws2qed",1
"xws2qed",1
"xws2qed",1
"xws2qed",1
"xws2qed",1
"xws2qed",1
"xws2qed",1
"xws2qed",1
"xws2qed",1
"xws2qed",1
"xws2qed",1
"xws2qed",1
"xws2qed",1
"xws2qed",1
"xws2qed",1
"xws2qed",1
"xws2qed",1
"xws2qed",1
"xws2qed",1
"xws2qed",1
"xws2qed",1
"xws2qed",1
"xws2qed",1
"xws2qed",1
"xws2qed",1
"xws2qed",1
"xws2qed",1
"xws2qed",1
"xws2qed",1
"xws2qed",1
"xws2qed",1
"xws2qed",1
"xws2qed",1
"xws2qed",1
"xws2qed",1
"xws2qed",1
"xws2qed",1
"xws2qed",1
"xws2qed",1
"xws2qed",1
"xws2qed",1
"xws2qed",1
"xws2qed",1
"xws2qed",1
"xws2qed",1
"xws2qed",1
"xws2qed",1
"xws2qed",1
"xws2qed",1
"xws2qed",1
"xws2qed",1
"xws2qed",1
"xws2qed",1
"xws2qed",1
"xws2qed",1
"xws2qed",1
"xws2qed",1
"xws2qed",1
"xws2qed",1
"xws2qed",1
"xws2qed",1
"xws2qed",1
"xws2qed",1
"xws2qed",1
"xws2qed",1
"xws2qed",1
"xws2qed",1
"xws2qed",1
"xws2qed",1
"xws2qed",1
"xws2qed",1
"xws2qed",1
"xws2qed",1
"xws2qed",1
"xws2qed",1
"xws2qed",1
"xws2qed",1
"xws2qed",1
"xws2qed",1
"xws2qed",1
"xws2qed",1
"xws2qed",1
"xws2qed",1
"xws2qed",1
"xws2qed",1
"xws2qed",1
"xws2qed",1
"xws2qed",1
"xws2qed",1
"xws2qed",1
"xws2qed",1
"xws2qed",1
"xws2qed",1
"xws2qed",1
"xws2qed",1
"xws2qed",1
"xws2qed",1
"xws2qed",1
"xws2qed",1
"xws2qed",1
"xws2qed",1
"xws2qed",1
"xws2qed",1
"xws2qed",1
"xws2qed",1
"xws2qed",1
"xws2qed",1
"xws2qed",1
"xws2qed",1
"xws2qed",1
"xws2qed",1
"xws2qed",1
"xws2qed",1
"xws2qed",1
"xws2qed",1
"xws2qed",1
"xws2qed",1
"xws2qed",1
"xws2qed",1
"xws2qed",1
"xws2qed",1
"xws2qed",1
"xws2qed",1
"xws2qed",1
"xws2qed",1
"xws2qed",1
"xws2qed",1
"xws2qed",1
"xws2qed",1
"xws2qed",1
"xws2qed",1
"xws2qed",1
"xws2qed",1
"xws2qed",1
"xws2qed",1
"xws2qed",1
"xws2qed",1
"xws2qed",1
"xws2qed",1
"xws2qed",1
"xws2qed",1
"xws2qed",1
"xws2qed",1
"xws2qed",1
"xws2qed",1
"xws2qed",1
"xws2qed",1
"xws2qed",1
"xws2qed",1
"xws2qed",1
"xws2qed",1
"xws2qed",1
"xws2qed",1
"xws2qed",1
"xws2qed",1
"xws2qed",1
"xws2qed",1
"xws2qed",1
"xws2qed",1
"xws2qed",1
"xws2qed",1
"xws2qed",1
"xws2qed",1
"xws2qed",1
"xws2qed",1
"xws2qed",1
"xws2qed",1
"xws2qed",1
"xws2qed",1
"xws2qed",1
"xws2qed",1
"xws2qed",1
"xws2qed",1
"xws2qed",1
"xws2qed",1
"xws2qed",1
"xws2qed",1
"xws2qed",1
"xws2qed",1
"xws2qed",1
"xws2qed",1
"xws2qed",1
"xws2qed",1
"xws2qed",1
"xws2qed",1
"xws2qed",1
"xws2qed",1
"xws2qed",1
"xws2qed",1
"xws2qed",1
"xws2qed",1
"xws2qed",1
"xws2qed",1
"xws2qed",1
"xws2qed",1
"xws2qed",1
"xws2qed",1
"xws2qed",1
"xws2qed",1
"xws2qed",1
"xws2qed",1
"xws2qed",1
"xws2qed",1
"xws2qed",1
"xws2qed",1
"xws2qed",1
"xws2qed",1
"xws2qed",1
"xws2qed",1
"xws2qed",1
"xws2qed",1
"xws2qed",1
"xws2qed",1
"xws2qed",1
"xws2qed",1
"xws2qed",1
"xws2qed",1
"xws2qed",1
"xws2qed",1
"xws2qed",1
"xws2qed",1
"xws2qed",1
"xws2qed",1
"xws2qed",1
"xws2qed",1
"xws2qed",1
"xws2qed",1
"xws2qed",1
"xws2qed",1
"xws2qed",1
"xws2qed",1
"xws2qed",1
"xws2qed",1
"xws2qed",1
"xws2qed",1
"xws2qed",1
"xws2qed",1
"xws2qed",1
"xws2qed",1
"xws2qed",1
"xws2qed",1
"xws2qed",1
"xws2qed",1
"xws2qed",1
"xws2qed",1
"xws2qed",1
"xws2qed",1
"xws2qed",1
"xws2qed",1
"xws2qed",1
"xws2qed",1
"xws2qed",1
"xws2qed",1
"xws2qed",1
"xws2qed",1
"xws2qed",1
"xws2qed",1
"xws2qed",1
"xws2qed",1
"xws2qed",1
"xws2qed",1
"xws2qed",1
"xws2qed",1
"xws2qed",1
"xws2qed",1
"xws2qed",1
"xws2qed",1
"xws2qed",1
"xws2qed",1
"xws2qed",1
"xws2qed",1
"xws2qed",1
"xws2qed",1
"xws2qed",1
"xws2qed",1
"xws2qed",1
"xws2qed",1
"xws2qed",1
"xws2qed",1
"xws2qed",1
"xws2qed",1
"xws2qed",1
"xws2qed",1
"xws2qed",1
"xws2qed",1
"xws2qed",1
"xws2qed",1
"xws2qed",1
"xws2qed",1
"xws2qed",1
"xws2qed",1
"xws2qed",1
"xws2qed",1
"xws2qed",1
"xws2qed",1
"xws2qed",1
"xws2qed",1
"xws2qed",1
"xws2qed",1
"xws2qed",1
"xws2qed",1
"xws2qed",1
"xws2qed",1
"xws2qed",1
"xws2qed",1
"xws2qed",1
"xws2qed",1
"xws2qed",1
"xws2qed",1
"xws2qed",1
"xws2qed",1
"xws2qed",1
"xws2qed",1
"xws2qed",1
"xws2qed",1
"xws2qed",1
"xws2qed",1
"xws2qed",1
"xws2qed",1
"xws2qed",1
"xws2qed",1
"xws2qed",1
"xws2qed",1
"xws2qed",1
"xws2qed",1
"xws2qed",1
"xws2qed",1
"xws2qed",1
"xws2qed",1
"xws2qed",1
"xws2qed",1
"xws2qed",1
"xws2qed",1
"xws2qed",1
"xws2qed",1
"xws2qed",1
"xws2qed",1
"xws2qed",1
"xws2qed",1
"xws2qed",1
"xws2qed",1
"xws2qed",1
"xws2qed",1
"xws2qed",1
"xws2qed",1
"xws2qed",1
"xws2qed",1
"xws2qed",1
"xws2qed",1
"xws2qed",1
"xws2qed",1
"xws2qed",1
"xws2qed",1
"xws2qed",1
"xws2qed",1
"xws2qed",1
"xws2qed",1
"xws2qed",1
"xws2qed",1
"xws2qed",1
"xws2qed",1
"xws2qed",1
"xws2qed",1
"xws2qed",1
"xws2qed",1
"xws2qed",1
"xws2qed",1
"xws2qed",1
"xws2qed",1
"xws2qed",1
"xws2qed",1
"xws2qed",1
"xws2qed",1
"xws2qed",1
"xws2qed",1
"xws2qed",1
"xws2qed",1
"xws2qed",1
"xws2qed",1
"xws2qed",1
"xws2qed",1
"xws2qed",1
"xws2qed",1
"xws2qed",1
"xws2qed",1
"xws2qed",1
"xws2qed",1
"xws2qed",1
"xws2qed",1
"xws2qed",1
"xws2qed",1
"xws2qed",1
"xws2qed",1
"xws2qed",1
"xws2qed",1
"xws2qed",1
"xws2qed",1
"xws2qed",1
"xws2qed",1
"xws2qed",1
"xws2qed",1
"xws2qed",1
"xws2qed",1
"xws2qed",1
"xws2qed",1
"xws2qed",1
"xws2qed",1
"xws2qed",1
"xws2qed",1
"xws2qed",1
"xws2qed",1
"xws2qed",1
"xws2qed",1
"xws2qed",1
"xws2qed",1
"xws2qed",1
"xws2qed",1
"xws2qed",1
"xws2qed",1
"xws2qed",1
"xws2qed",1
"xws2qed",1
"xws2qed",1
"xws2qed",1
"xws2qed",1
"xws2qed",1
"xws2qed",1
"xws2qed",1
"xws2qed",1
"xws2qed",1
"xws2qed",1
"xws2qed",1
"xws2qed",1
"xws2qed",1
"xws2qed",1
"xws2qed",1
"xws2qed",1
"xws2qed",1
"xws2qed",1
"xws2qed",1
"xws2qed",1
"xws2qed",1
"xws2qed",1
"xws2qed",1
"xws2qed",1
"xws2qed",1
"xws2qed",1
"xws2qed",1
"xws2qed",1
"xws2qed",1
"xws2qed",1
"xws2qed",1
"xws2qed",1
"xws2qed",1
"xws2qed",1
"xws2qed",1
"xws2qed",1
"xws2qed",1
"xws2qed",1
"xws2qed",1
"xws2qed",1
"xws2qed",1
"xws2qed",1
"xws2qed",1
"xws2qed",1
"xws2qed",1
"xws2qed",1
"xws2qed",1
"xws2qed",1
"xws2qed",1
"xws2qed",1
"xws2qed",1
"xws2qed",1
"xws2qed",1
"xws2qed",1
"xws2qed",1
"xws2qed",1
"xws2qed",1
"xws2qed",1
"xws2qed",1
"xws2qed",1
"xws2qed",1
"xws2qed",1
"xws2qed",1
"xws2qed",1
"xws2qed",1
"xws2qed",1
"xws2qed",1
"xws2qed",1
"xws2qed",1
"xws2qed",1
"xws2qed",1
"xws2qed",1
"xws2qed",1
"xws2qed",1
"xws2qed",1
"xws2qed",1
"xws2qed",1
"xws2qed",1
"xws2qed",1
"xws2qed",1
"xws2qed",1
"xws2qed",1
"xws2qed",1
"xws2qed",1
"xws2qed",1
"xws2qed",1
"xws2qed",1
"xws2qed",1
"xws2qed",1
"xws2qed",1
"xws2qed",1
"xws2qed",1
"xws2qed",1
"xws2qed",1
"xws2qed",1
"xws2qed",1
"xws2qed",1
"xws2qed",1
"xws2qed",1
"xws2qed",1
"xws2qed",1
"xws2qed",1
"xws2qed",1
"xws2qed",1
"xws2qed",1
"xws2qed",1
"xws2qed",1
"xws2qed",1
"xws2qed",1
"xws2qed",1
"xws2qed",1
"xws2qed",1
"xws2qed",1
"xws2qed",1
"xws2qed",1
"xws2qed",1
"xws2qed",1
"xws2qed",1
"xws2qed",1
"xws2qed",1
"xws2qed",1
"xws2qed",1
"xws2qed",1
"xws2qed",1
"xws2qed",1
"xws2qed",1
"xws2qed",1
"xws2qed",1
"xws2qed",1
"xws2qed",1
"xws2qed",1
"xws2qed",1
"xws2qed",1
"xws2qed",1
"xws2qed",1
"xws2qed",1
"xws2qed",1
"xws2qed",1
"xws2qed",1
"xws2qed",1
"xws2qed",1
"xws2qed",1
"xws2qed",1
"xws2qed",1
"xws2qed",1
"xws2qed",1
"xws2qed",1
"xws2qed",1
"xws2qed",1
"xws2qed",1
"xws2qed",1
"xws2qed",1
"xws2qed",1
"xws2qed",1
"xws2qed",1
"xws2qed",1
"xws2qed",1
"xws2qed",1
"xws2qed",1
"xws2qed",1
"xws2qed",1
"xws2qed",1
"xws2qed",1
"xws2qed",1
"xws2qed",1
"xws2qed",1
"xws2qed",1
"xws2qed",1
"xws2qed",1
"xws2qed",1
"xws2qed",1
"xws2qed",1
"xws2qed",1
"xws2qed",1
"xws2qed",1
"xws2qed",1
"xws2qed",1
"xws2qed",1
"xws2qed",1
"xws2qed",1
"xws2qed",1
"xws2qed",1
"xws2qed",1
"xws2qed",1
"xws2qed",1
"xws2qed",1
"xws2qed",1
"xws2qed",1
"xws2qed",1
"xws2qed",1
"xws2qed",1
"xws2qed",1
"xws2qed",1
"xws2qed",1
"xws2qed",1
"xws2qed",1
"xws2qed",1
"xws2qed",1
"xws2qed",1
"xws2qed",1
"xws2qed",1
"xws2qed",1
"xws2qed",1
"xws2qed",1
"xws2qed",1
"xws2qed",1
"xws2qed",1
"xws2qed",1
"xws2qed",1
"xws2qed",1
"xws2qed",1
"xws2qed",1
"xws2qed",1
"xws2qed",1
"xws2qed",1
"xws2qed",1
"xws2qed",1
"xws2qed",1
"xws2qed",1
"xws2qed",1
"xws2qed",1
"xws2qed",1
"xws2qed",1
"xws2qed",1
"xws2qed",1
"xws2qed",1
"xws2qed",1
"xws2qed",1
"xws2qed",1
"xws2qed",1
"xws2qed",1
"xws2qed",1
"xws2qed",1
"xws2qed",1
"xws2qed",1
"xws2qed",1
"xws2qed",1
"xws2qed",1
"xws2qed",1
"xws2qed",1
"xws2qed",1
"xws2qed",1
"xws2qed",1
"xws2qed",1
"xws2qed",1
"xws2qed",1
"xws2qed",1
"xws2qed",1
"xws2qed",1
"xws2qed",1
"xws2qed",1
"xws2qed",1
"xws2qed",1
"xws2qed",1
"xws2qed",1
"xws2qed",1
"xws2qed",1
"xws2qed",1
"xws2qed",1
"xws2qed",1
"xws2qed",1
"xws2qed",1
"xws2qed",1
"xws2qed",1
"xws2qed",1
"xws2qed",1
"xws2qed",1
"xws2qed",1
"xws2qed",1
"xws2qed",1
"xws2qed",1
"xws2qed",1
"xws2qed",1
"xws2qed",1
"xws2qed",1
"xws2qed",1
"xws2qed",1
"xws2qed",1
"xws2qed",1
"xws2qed",1
"xws2qed",1
"xws2qed",1
"xws2qed",1
"xws2qed",1
"xws2qed",1
"xws2qed",1
"xws2qed",1
"xws2qed",1
"xws2qed",1
"xws2qed",1
"xws2qed",1
"xws2qed",1
"xws2qed",1
"xws2qed",1
"xws2qed",1
"xws2qed",1
"xws2qed",1
"xws2qed",1
"xws2qed",1
"xws2qed",1
"xws2qed",1
"xws2qed",1
"xws2qed",1
"xws2qed",1
"xws2qed",1
"xws2qed",1
"xws2qed",1
"xws2qed",1
"xws2qed",1
"xws2qed",1
"xws2qed",1
"xws2qed",1
"xws2qed",1
"xws2qed",1
"xws2qed",1
"xws2qed",1
"xws2qed",1
"xws2qed",1
"xws2qed",1
"xws2qed",1
"xws2qed",1
"xws2qed",1
"xws2qed",1
"xws2qed",1
"xws2qed",1
"xws2qed",1
"xws2qed",1
"xws2qed",1
"xws2qed",1
"xws2qed",1
"xws2qed",1
"xws2qed",1
"xws2qed",1
"xws2qed",1
"xws2qed",1
"xws2qed",1
"xws2qed",1
"xws2qed",1
"xws2qed",1
"xws2qed",1
"xws2qed",1
"xws2qed",1
"xws2qed",1
"xws2qed",1
"xws2qed",1
"xws2qed",1
"xws2qed",1
"xws2qed",1
"xws2qed",1
"xws2qed",1
"xws2qed",1
"xws2qed",1
"xws2qed",1
"xws2qed",1
"xws2qed",1
"xws2qed",1
"xws2qed",1
"xws2qed",1
"xws2qed",1
"xws2qed",1
"xws2qed",1
"xws2qed",1
"xws2qed",1
"xws2qed",1
"xws2qed",1
"xws2qed",1
"xws2qed",1
"xws2qed",1
"xws2qed",1
"xws2qed",1
"xws2qed",1
"xws2qed",1
"xws2qed",1
"xws2qed",1
"xws2qed",1
"xws2qed",1
"xws2qed",1
"xws2qed",1
"xws2qed",1
"xws2qed",1
"xws2qed",1
"xws2qed",1
"xws2qed",1
"xws2qed",1
"xws2qed",1
"xws2qed",1
"xws2qed",1
"xws2qed",1
"xws2qed",1
"xws2qed",1
"xws2qed",1
"xws2qed",1
"xws2qed",1
"xws2qed",1
"xws2qed",1
"xws2qed",1
"xws2qed",1
"xws2qed",1
"xws2qed",1
"xws2qed",1
"xws2qed",1
"xws2qed",1
"xws2qed",1
"xws2qed",1
"xws2qed",1
"xws2qed",1
"xws2qed",1
"xws2qed",1
"xws2qed",1
"xws2qed",1
"xws2qed",1
"xws2qed",1
"xws2qed",1
"xws2qed",1
"xws2qed",1
"xws2qed",1
"xws2qed",1
"xws2qed",1
"xws2qed",1
"xws2qed",1
"xws2qed",1
"xws2qed",1
"xws2qed",1
"xws2qed",1
"xws2qed",1
"xws2qed",1
"xws2qed",1
"xws2qed",1
"xws2qed",1
"xws2qed",1
"xws2qed",1
"xws2qed",1
"xws2qed",1
"xws2qed",1
"xws2qed",1
"xws2qed",1
"xws2qed",1
"xws2qed",1
"xws2qed",1
"xws2qed",1
"xws2qed",1
"xws2qed",1
"xws2qed",1
"xws2qed",1
"xws2qed",1
"xws2qed",1
"xws2qed",1
"xws2qed",1
"xws2qed",1
"xws2qed",1
"xws2qed",1
"xws2qed",1
"xws2qed",1
"xws2qed",1
"xws2qed",1
"xws2qed",1
"xws2qed",1
"xws2qed",1
"xws2qed",1
"xws2qed",1
"xws2qed",1
"xws2qed",1
"xws2qed",1
"xws2qed",1
"xws2qed",1
"xws2qed",1
"xws2qed",1
"xws2qed",1
"xws2qed",1
"xws2qed",1
"xws2qed",1
"xws2qed",1
"xws2qed",1
"xws2qed",1
"xws2qed",1
"xws2qed",1
"xws2qed",1
"xws2qed",1
"xws2qed",1
"xws2qed",1
"xws2qed",1
"xws2qed",1
"xws2qed",1
"xws2qed",1
"xws2qed",1
"xws2qed",1
"xws2qed",1
"xws2qed",1
"xws2qed",1
"xws2qed",1
"xws2qed",1
"xws2qed",1
"xws2qed",1
"xws2qed",1
"xws2qed",1
"xws2qed",1
"xws2qed",1
"xws2qed",1
"xws2qed",1
"xws2qed",1
"xws2qed",1
"xws2qed",1
"xws2qed",1
"xws2qed",1
"xws2qed",1
"xws2qed",1
"xws2qed",1
"xws2qed",1
"xws2qed",1
"xws2qed",1
"xws2qed",1
"xws2qed",1
"xws2qed",1
"xws2qed",1
"xws2qed",1
"xws2qed",1
"xws2qed",1
"xws2qed",1
"xws2qed",1
"xws2qed",1
"xws2qed",1
"xws2qed",1
"xws2qed",1
"xws2qed",1
"xws2qed",1
"xws2qed",1
"xws2qed",1
"xws2qed",1
"xws2qed",1
"xws2qed",1
"xws2qed",1
"xws2qed",1
"xws2qed",1
"xws2qed",1
"xws2qed",1
"xws2qed",1
"xws2qed",1
"xws2qed",1
"xws2qed",1
"xws2qed",1
"xws2qed",1
"xws2qed",1
"xws2qed",1
"xws2qed",1
"xws2qed",1
"xws2qed",1
"xws2qed",1
"xws2qed",1
"xws2qed",1
"xws2qed",1
"xws2qed",1
"xws2qed",1
"xws2qed",1
"xws2qed",1
"xws2qed",1
"xws2qed",1
"xws2qed",1
"xws2qed",1
"xws2qed",1
"xws2qed",1
"xws2qed",1
"xws2qed",1
"xws2qed",1
"xws2qed",1
"xws2qed",1
"xws2qed",1
"xws2qed",1
"xws2qed",1
"xws2qed",1
"xws2qed",1
"xws2qed",1
"xws2qed",1
"xws2qed",1
"xws2qed",1
"xws2qed",1
"xws2qed",1
"xws2qed",1
"xws2qed",1
"xws2qed",1
"xws2qed",1
"xws2qed",1
"xws2qed",1
"xws2qed",1
"xws2qed",1
"xws2qed",1
"xws2qed",1
"xws2qed",1
"xws2qed",1
"xws2qed",1
"xws2qed",1
"xws2qed",1
"xws2qed",1
"xws2qed",1
"xws2qed",1
"xws2qed",1
"xws2qed",1
"xws2qed",1
"xws2qed",1
"xws2qed",1
"xws2qed",1
"xws2qed",1
"xws2qed",1
"xws2qed",1
"xws2qed",1
"xws2qed",1
"xws2qed",1
"xws2qed",1
"xws2qed",1
"xws2qed",1
"xws2qed",1
"xws2qed",1
"xws2qed",1
"xws2qed",1
"xws2qed",1
"xws2qed",1
"xws2qed",1
"xws2qed",1
"xws2qed",1
"xws2qed",1
"xws2qed",1
"xws2qed",1
"xws2qed",1
"xws2qed",1
"xws2qed",1
"xws2qed",1
"xws2qed",1
"xws2qed",1
"xws2qed",1
"xws2qed",1
"xws2qed",1
"xws2qed",1
"xws2qed",1
"xws2qed",1
"xws2qed",1
"xws2qed",1
"xws2qed",1
"xws2qed",1
"xws2qed",1
"xws2qed",1
"xws2qed",1
"xws2qed",1
"xws2qed",1
"xws2qed",1
"xws2qed",1
"xws2qed",1
"xws2qed",1
"xws2qed",1
"xws2qed",1
"xws2qed",1
"xws2qed",1
"xws2qed",1
"xws2qed",1
"xws2qed",1
"xws2qed",1
"xws2qed",1
"xws2qed",1
"xws2qed",1
"xws2qed",1
"xws2qed",1
"xws2qed",1
"xws2qed",1
"xws2qed",1
"xws2qed",1
"xws2qed",1
"xws2qed",1
"xws2qed",1
"xws2qed",1
"xws2qed",1
"xws2qed",1
"xws2qed",1
"xws2qed",1
"xws2qed",1
"xws2qed",1
"xws2qed",1
"xws2qed",1
"xws2qed",1
"xws2qed",1
"xws2qed",1
"xws2qed",1
"xws2qed",1
"xws2qed",1
"xws2qed",1
"xws2qed",1
"xws2qed",1
"xws2qed",1
"xws2qed",1
"xws2qed",1
"xws2qed",1
"xws2qed",1
"xws2qed",1
"xws2qed",1
"xws2qed",1
"xws2qed",1
"xws2qed",1
"xws2qed",1
"xws2qed",1
"xws2qed",1
"xws2qed",1
"xws2qed",1
"xws2qed",1
"xws2qed",1
"xws2qed",1
"xws2qed",1
"xws2qed",1
"xws2qed",1
"xws2qed",1
"xws2qed",1
"xws2qed",1
"xws2qed",1
"xws2qed",1
"xws2qed",1
"xws2qed",1
"xws2qed",1
"xws2qed",1
"xws2qed",1
"xws2qed",1
"xws2qed",1
"xws2qed",1
"xws2qed",1
"xws2qed",1
"xws2qed",1
"xws2qed",1
"xws2qed",1
"xws2qed",1
"xws2qed",1
"xws2qed",1
"xws2qed",1
"xws2qed",1
"xws2qed",1
"xws2qed",1
"xws2qed",1
"xws2qed",1
"xws2qed",1
"xws2qed",1
"xws2qed",1
"xws2qed",1
"xws2qed",1
"xws2qed",1
"xws2qed",1
"xws2qed",1
"xws2qed",1
"xws2qed",1
"xws2qed",1
"xws2qed",1
"xws2qed",1
"xws2qed",1
"xws2qed",1
"xws2qed",1
"xws2qed",1
"xws2qed",1
"xws2qed",1
"xws2qed",1
"xws2qed",1
"xws2qed",1
"xws2qed",1
"xws2qed",1
"xws2qed",1
"xws2qed",1
"xws2qed",1
"xws2qed",1
"xws2qed",1
"xws2qed",1
"xws2qed",1
"xws2qed",1
"xws2qed",1
"xws2qed",1
"xws2qed",1
"xws2qed",1
"xws2qed",1
"xws2qed",1
"xws2qed",1
"xws2qed",1
"xws2qed",1
"xws2qed",1
"xws2qed",1
"xws2qed",1
"xws2qed",1
"xws2qed",1
"xws2qed",1
"xws2qed",1
"xws2qed",1
"xws2qed",1
"xws2qed",1
"xws2qed",1
"xws2qed",1
"xws2qed",1
"xws2qed",1
"xws2qed",1
"xws2qed",1
"xws2qed",1
"xws2qed",1
"xws2qed",1
"xws2qed",1
"xws2qed",1
"xws2qed",1
"xws2qed",1
"xws2qed",1
"xws2qed",1
"xws2qed",1
"xws2qed",1
"xws2qed",1
"xws2qed",1
"xws2qed",1
"xws2qed",1
"xws2qed",1
"xws2qed",1
"xws2qed",1
"xws2qed",1
"xws2qed",1
"xws2qed",1
"xws2qed",1
"xws2qed",1
"xws2qed",1
"xws2qed",1
"xws2qed",1
"xws2qed",1
"xws2qed",1
"xws2qed",1
"xws2qed",1
"xws2qed",1
"xws2qed",1
"xws2qed",1
"xws2qed",1
"xws2qed",1
"xws2qed",1
"xws2qed",1
"xws2qed",1
"xws2qed",1
"xws2qed",1
"xws2qed",1
"xws2qed",1
"xws2qed",1
"xws2qed",1
"xws2qed",1
"xws2qed",1
"xws2qed",1
"xws2qed",1
"xws2qed",1
"xws2qed",1
"xws2qed",1
"xws2qed",1
"xws2qed",1
"xws2qed",1
"xws2qed",1
"xws2qed",1
"xws2qed",1
"xws2qed",1
"xws2qed",1
"xws2qed",1
"xws2qed",1
"xws2qed",1
"xws2qed",1
"xws2qed",1
"xws2qed",1
"xws2qed",1
"xws2qed",1
"xws2qed",1
"xws2qed",1
"xws2qed",1
"xws2qed",1
"xws2qed",1
"xws2qed",1
"xws2qed",1
"xws2qed",1
"xws2qed",1
"xws2qed",1
"xws2qed",1
"xws2qed",1
"xws2qed",1
"xws2qed",1
"xws2qed",1
"xws2qed",1
"xws2qed",1
"xws2qed",1
"xws2qed",1
"xws2qed",1
"xws2qed",1
"xws2qed",1
"xws2qed",1
"xws2qed",1
"xws2qed",1
"xws2qed",1
"xws2qed",1
"xws2qed",1
"xws2qed",1
"xws2qed",1
"xws2qed",1
"xws2qed",1
"xws2qed",1
"xws2qed",1
"xws2qed",1
"xws2qed",1
"xws2qed",1
"xws2qed",1
"xws2qed",1
"xws2qed",1
"xws2qed",1
"xws2qed",1
"xws2qed",1
"xws2qed",1
"xws2qed",1
"xws2qed",1
"xws2qed",1
"xws2qed",1
"xws2qed",1
"xws2qed",1
"xws2qed",1
"xws2qed",1
"xws2qed",1
"xws2qed",1
"xws2qed",1
"xws2qed",1
"xws2qed",1
"xws2qed",1
"xws2qed",1
"xws2qed",1
"xws2qed",1
"xws2qed",1
"xws2qed",1
"xws2qed",1
"xws2qed",1
"xws2qed",1
"xws2qed",1
"xws2qed",1
"xws2qed",1
"xws2qed",1
"xws2qed",1
"xws2qed",1
"xws2qed",1
"xws2qed",1
"xws2qed",1
"xws2qed",1
"xws2qed",1
"xws2qed",1
"xws2qed",1
"xws2qed",1
"xws2qed",1
"xws2qed",1
"xws2qed",1
"xws2qed",1
"xws2qed",1
"xws2qed",1
"xws2qed",1
"xws2qed",1
"xws2qed",1
"xws2qed",1
"xws2qed",1
"xws2qed",1
"xws2qed",1
"xws2qed",1
"xws2qed",1
"xws2qed",1
"xws2qed",1
"xws2qed",1
"xws2qed",1
"xws2qed",1
"xws2qed",1
"xws2qed",1
"xws2qed",1
"xws2qed",1
"xws2qed",1
"xws2qed",1
"xws2qed",1
"xws2qed",1
"xws2qed",1
"xws2qed",1
"xws2qed",1
"xws2qed",1
"xws2qed",1
"xws2qed",1
"xws2qed",1
"xws2qed",1
"xws2qed",1
"xws2qed",1
"xws2qed",1
"xws2qed",1
"xws2qed",1
"xws2qed",1
"xws2qed",1
"xws2qed",1
"xws2qed",1
"xws2qed",1
"xws2qed",1
"xws2qed",1
"xws2qed",1
"xws2qed",1
"xws2qed",1
"xws2qed",1
"xws2qed",1
"xws2qed",1
"xws2qed",1
"xws2qed",1
"xws2qed",1
"xws2qed",1
"xws2qed",1
"xws2qed",1
"xws2qed",1
"xws2qed",1
"xws2qed",1
"xws2qed",1
"xws2qed",1
"xws2qed",1
"xws2qed",1
"xws2qed",1
"xws2qed",1
"xws2qed",1
"xws2qed",1
"xws2qed",1
"xws2qed",1
"xws2qed",1
"xws2qed",1
"xws2qed",1
"xws2qed",1
"xws2qed",1
"xws2qed",1
"xws2qed",1
"xws2qed",1
"xws2qed",1
"xws2qed",1
"xws2qed",1
"xws2qed",1
"xws2qed",1
"xws2qed",1
"xws2qed",1
"xws2qed",1
"xws2qed",1
"xws2qed",1
"xws2qed",1
"xws2qed",1
"xws2qed",1
"xws2qed",1
"xws2qed",1
"xws2qed",1
"xws2qed",1
"xws2qed",1
"xws2qed",1
"xws2qed",1
"xws2qed",1
"xws2qed",1
"xws2qed",1
"xws2qed",1
"xws2qed",1
"xws2qed",1
"xws2qed",1
"xws2qed",1
"xws2qed",1
"xws2qed",1
"xws2qed",1
"xws2qed",1
"xws2qed",1
"xws2qed",1
"xws2qed",1
"xws2qed",1
"xws2qed",1
"xws2qed",1
"xws2qed",1
"xws2qed",1
"xws2qed",1
"xws2qed",1
"xws2qed",1
"xws2qed",1
"xws2qed",1
"xws2qed",1
"xws2qed",1
"xws2qed",1
"xws2qed",1
"xws2qed",1
"xws2qed",1
"xws2qed",1
"xws2qed",1
"xws2qed",1
"xws2qed",1
"xws2qed",1
"xws2qed",1
"xws2qed",1
"xws2qed",1
"xws2qed",1
"xws2qed",1
"xws2qed",1
"xws2qed",1
"xws2qed",1
"xws2qed",1
"xws2qed",1
"xws2qed",1
"xws2qed",1
"xws2qed",1
"xws2qed",1
"xws2qed",1
"xws2qed",1
"xws2qed",1
"xws2qed",1
"xws2qed",1
"xws2qed",1
"xws2qed",1
"xws2qed",1
"xws2qed",1
"xws2qed",1
"xws2qed",1
"xws2qed",1
"xws2qed",1
"xws2qed",1
"xws2qed",1
"xws2qed",1
"xws2qed",1
"xws2qed",1
"xws2qed",1
"xws2qed",1
"xws2qed",1
"xws2qed",1
"xws2qed",1
"xws2qed",1
"xws2qed",1
"xws2qed",1
"xws2qed",1
"xws2qed",1
"xws2qed",1
"xws2qed",1
"xws2qed",1
"xws2qed",1
"xws2qed",1
"xws2qed",1
"xws2qed",1
"xws2qed",1
"xws2qed",1
"xws2qed",1
"xws2qed",1
"xws2qed",1
"xws2qed",1
"xws2qed",1
"xws2qed",1
"xws2qed",1
"xws2qed",1
"xws2qed",1
"xws2qed",1
"xws2qed",1
"xws2qed",1
"xws2qed",1
"xws2qed",1
"xws2qed",1
"xws2qed",1
"xws2qed",1
"xws2qed",1
"xws2qed",1
"xws2qed",1
"xws2qed",1
"xws2qed",1
"xws2qed",1
"xws2qed",1
"xws2qed",1
"xws2qed",1
"xws2qed",1
"xws2qed",1
"xws2qed",1
"xws2qed",1
"xws2qed",1
"xws2qed",1
"xws2qed",1
"xws2qed",1
"xws2qed",1
"xws2qed",1
"xws2qed",1
"xws2qed",1
"xws2qed",1
"xws2qed",1
"xws2qed",1
"xws2qed",1
"xws2qed",1
"xws2qed",1
"xws2qed",1
"xws2qed",1
"xws2qed",1
"xws2qed",1
"xws2qed",1
"xws2qed",1
"xws2qed",1
"xws2qed",1
"xws2qed",1
"xws2qed",1
"xws2qed",1
"xws2qed",1
"xws2qed",1
"xws2qed",1
"xws2qed",1
"xws2qed",1
"xws2qed",1
"xws2qed",1
"xws2qed",1
"xws2qed",1
"xws2qed",1
"xws2qed",1
"xws2qed",1
"xws2qed",1
"xws2qed",1
"xws2qed",1
"xws2qed",1
"xws2qed",1
"xws2qed",1
"xws2qed",1
"xws2qed",1
"xws2qed",1
"xws2qed",1
"xws2qed",1
"xws2qed",1
"xws2qed",1
"xws2qed",1
"xws2qed",1
"xws2qed",1
"xws2qed",1
"xws2qed",1
"xws2qed",1
"xws2qed",1
"xws2qed",1
"xws2qed",1
"xws2qed",1
"xws2qed",1
"xws2qed",1
"xws2qed",1
"xws2qed",1
"xws2qed",1
"xws2qed",1
"xws2qed",1
"xws2qed",1
"xws2qed",1
"xws2qed",1
"xws2qed",1
"xws2qed",1
"xws2qed",1
"xws2qed",1
"xws2qed",1
"xws2qed",1
"xws2qed",1
"xws2qed",1
"xws2qed",1
"xws2qed",1
"xws2qed",1
"xws2qed",1
"xws2qed",1
"xws2qed",1
"xws2qed",1
"xws2qed",1
"xws2qed",1
"xws2qed",1
"xws2qed",1
"xws2qed",1
"xws2qed",1
"xws2qed",1
"xws2qed",1
"xws2qed",1
"xws2qed",1
"xws2qed",1
"xws2qed",1
"xws2qed",1
"xws2qed",1
"xws2qed",1
"xws2qed",1
"xws2qed",1
"xws2qed",1
"xws2qed",1
"xws2qed",1
"xws2qed",1
"xws2qed",1
"xws2qed",1
"xws2qed",1
"xws2qed",1
"xws2qed",1
"xws2qed",1
"xws2qed",1
"xws2qed",1
"xws2qed",1
"xws2qed",1
"xws2qed",1
"xws2qed",1
"xws2qed",1
"xws2qed",1
"xws2qed",1
"xws2qed",1
"xws2qed",1
"xws2qed",1
"xws2qed",1
"xws2qed",1
"xws2qed",1
"xws2qed",1
"xws2qed",1
"xws2qed",1
"xws2qed",1
"xws2qed",1
"xws2qed",1
"xws2qed",1
"xws2qed",1
"xws2qed",1
"xws2qed",1
"xws2qed",1
"xws2qed",1
"xws2qed",1
"xws2qed",1
"xws2qed",1
"xws2qed",1
"xws2qed",1
"xws2qed",1
"xws2qed",1
"xws2qed",1
"xws2qed",1
"xws2qed",1
"xws2qed",1
"xws2qed",1
"xws2qed",1
"xws2qed",1
"xws2qed",1
"xws2qed",1
"xws2qed",1
"xws2qed",1
"xws2qed",1
"xws2qed",1
"xws2qed",1
"xws2qed",1
"xws2qed",1
"xws2qed",1
"xws2qed",1
"xws2qed",1
"xws2qed",1
"xws2qed",1
"xws2qed",1
"xws2qed",1
"xws2qed",1
"xws2qed",1
"xws2qed",1
"xws2qed",1
"xws2qed",1
"xws2qed",1
"xws2qed",1
"xws2qed",1
"xws2qed",1
"xws2qed",1
"xws2qed",1
"xws2qed",1
"xws2qed",1
"xws2qed",1
"xws2qed",1
"xws2qed",1
"xws2qed",1
"xws2qed",1
"xws2qed",1
"xws2qed",1
"xws2qed",1
"xws2qed",1
"xws2qed",1
"xws2qed",1
"xws2qed",1
"xws2qed",1
"xws2qed",1
"xws2qed",1
"xws2qed",1
"xws2qed",1
"xws2qed",1
"xws2qed",1
"xws2qed",1
"xws2qed",1
"xws2qed",1
"xws2qed",1
"xws2qed",1
"xws2qed",1
"xws2qed",1
"xws2qed",1
"xws2qed",1
"xws2qed",1
"xws2qed",1
"xws2qed",1
"xws2qed",1
"xws2qed",1
"xws2qed",1
"xws2qed",1
"xws2qed",1
"xws2qed",1
"xws2qed",1
"xws2qed",1
"xws2qed",1
"xws2qed",1
"xws2qed",1
"xws2qed",1
"xws2qed",1
"xws2qed",1
"xws2qed",1
"xws2qed",1
"xws2qed",1
"xws2qed",1
"xws2qed",1
"xws2qed",1
"xws2qed",1
"xws2qed",1
"xws2qed",1
"xws2qed",1
"xws2qed",1
"xws2qed",1
"xws2qed",1
"xws2qed",1
"xws2qed",1
"xws2qed",1
"xws2qed",1
"xws2qed",1
"xws2qed",1
"xws2qed",1
"xws2qed",1
"xws2qed",1
"xws2qed",1
"xws2qed",1
"xws2qed",1
"xws2qed",1
"xws2qed",1
"xws2qed",1
"xws2qed",1
"xws2qed",1
"xws2qed",1
"xws2qed",1
"xws2qed",1
"xws2qed",1
"xws2qed",1
"xws2qed",1
"xws2qed",1
"xws2qed",1
"xws2qed",1
"xws2qed",1
"xws2qed",1
"xws2qed",1
"xws2qed",1
"xws2qed",1
"xws2qed",1
"xws2qed",1
"xws2qed",1
"xws2qed",1
"xws2qed",1
"xws2qed",1
"xws2qed",1
"xws2qed",1
"xws2qed",1
"xws2qed",1
"xws2qed",1
"xws2qed",1
"xws2qed",1
"xws2qed",1
"xws2qed",1
"xws2qed",1
"xws2qed",1
"xws2qed",1
"xws2qed",1
"xws2qed",1
"xws2qed",1
"xws2qed",1
"xws2qed",1
"xws2qed",1
"xws2qed",1
"xws2qed",1
"xws2qed",1
"xws2qed",1
"xws2qed",1
"xws2qed",1
"xws2qed",1
"xws2qed",1
"xws2qed",1
"xws2qed",1
"xws2qed",1
"xws2qed",1
"xws2qed",1
"xws2qed",1
"xws2qed",1
"xws2qed",1
"xws2qed",1
"xws2qed",1
"xws2qed",1
"xws2qed",1
"xws2qed",1
"xws2qed",1
"xws2qed",1
"xws2qed",1
"xws2qed",1
"xws2qed",1
"xws2qed",1
"xws2qed",1
"xws2qed",1
"xws2qed",1
"xws2qed",1
"xws2qed",1
"xws2qed",1
"xws2qed",1
"xws2qed",1
"xws2qed",1
"xws2qed",1
"xws2qed",1
"xws2qed",1
"xws2qed",1
"xws2qed",1
"xws2qed",1
"xws2qed",1
"xws2qed",1
"xws2qed",1
"xws2qed",1
"xws2qed",1
"xws2qed",1
"xws2qed",1
"xws2qed",1
"xws2qed",1
"xws2qed",1
"xws2qed",1
"xws2qed",1
"xws2qed",1
"xws2qed",1
"xws2qed",1
"xws2qed",1
"xws2qed",1
"xws2qed",1
"xws2qed",1
"xws2qed",1
"xws2qed",1
"xws2qed",1
"xws2qed",1
"xws2qed",1
"xws2qed",1
"xws2qed",1
"xws2qed",1
"xws2qed",1
"xws2qed",1
"xws2qed",1
"xws2qed",1
"xws2qed",1
"xws2qed",1
"xws2qed",1
"xws2qed",1
"xws2qed",1
"xws2qed",1
"xws2qed",1
"xws2qed",1
"xws2qed",1
"xws2qed",1
"xws2qed",1
"xws2qed",1
"xws2qed",1
"xws2qed",1
"xws2qed",1
"xws2qed",1
"xws2qed",1
"xws2qed",1
"xws2qed",1
"xws2qed",1
"xws2qed",1
"xws2qed",1
"xws2qed",1
"xws2qed",1
"xws2qed",1
"xws2qed",1
"xws2qed",1
"xws2qed",1
"xws2qed",1
"xws2qed",1
"xws2qed",1
"xws2qed",1
"xws2qed",1
"xws2qed",1
"xws2qed",1
"xws2qed",1
"xws2qed",1
"xws2qed",1
"xws2qed",1
"xws2qed",1
"xws2qed",1
"xws2qed",1
"xws2qed",1
"xws2qed",1
"xws2qed",1
"xws2qed",1
"xws2qed",1
"xws2qed",1
"xws2qed",1
"xws2qed",1
"xws2qed",1
"xws2qed",1
"xws2qed",1
"xws2qed",1
"xws2qed",1
"xws2qed",1
"xws2qed",1
"xws2qed",1
"xws2qed",1
"xws2qed",1
"xws2qed",1
"xws2qed",1
"xws2qed",1
"xws2qed",1
"xws2qed",1
"xws2qed",1
"xws2qed",1
"xws2qed",1
"xws2qed",1
"xws2qed",1
"xws2qed",1
"xws2qed",1
"xws2qed",1
"xws2qed",1
"xws2qed",1
"xws2qed",1
"xws2qed",1
"xws2qed",1
"xws2qed",1
"xws2qed",1
"xws2qed",1
"xws2qed",1
"xws2qed",1
"xws2qed",1
"xws2qed",1
"xws2qed",1
"xws2qed",1
"xws2qed",1
"xws2qed",1
"xws2qed",1
"xws2qed",1
"xws2qed",1
"xws2qed",1
"xws2qed",1
"xws2qed",1
"xws2qed",1
"xws2qed",1
"xws2qed",1
"xws2qed",1
"xws2qed",1
"xws2qed",1
"xws2qed",1
"xws2qed",1
"xws2qed",1
"xws2qed",1
"xws2qed",1
"xws2qed",1
"xws2qed",1
"xws2qed",1
"xws2qed",1
"xws2qed",1
"xws2qed",1
"xws2qed",1
"xws2qed",1
"xws2qed",1
"xws2qed",1
"xws2qed",1
"xws2qed",1
"xws2qed",1
"xws2qed",1
"xws2qed",1
"xws2qed",1
"xws2qed",1
"xws2qed",1
"xws2qed",1
"xws2qed",1
"xws2qed",1
"xws2qed",1
"xws2qed",1
"xws2qed",1
"xws2qed",1
"xws2qed",1
"xws2qed",1
"xws2qed",1
"xws2qed",1
"xws2qed",1
"xws2qed",1
"xws2qed",1
"xws2qed",1
"xws2qed",1
"xws2qed",1
"xws2qed",1
"xws2qed",1
"xws2qed",1
"xws2qed",1
"xws2qed",1
"xws2qed",1
"xws2qed",1
"xws2qed",1
"cds","wedwe"
"cds","wedwe"
adam_test_server,050304140199
